id,first_name,last_name,email,gender,ip_address
1,Janice,Ford,jford0@privacy.gov.au,Female,127.129.20.165
2,Jacqueline,Gomez,jgomez1@sitemeter.com,Female,54.120.67.198
3,Melissa,Garrett,mgarrett2@domainmarket.com,Female,118.216.182.207
4,Joan,Reid,jreid3@si.edu,Female,67.62.188.11
5,Victor,Pierce,vpierce4@salon.com,Male,58.179.108.141
6,Patricia,Johnston,pjohnston5@mlb.com,Female,210.123.5.28
7,Mildred,Parker,mparker6@indiegogo.com,Female,173.227.150.36
8,Steven,Ramirez,sramirez7@1688.com,Male,134.170.174.14
9,Ruby,Peterson,rpeterson8@statcounter.com,Female,84.167.177.127
10,Angela,Murray,amurray9@blogspot.com,Female,154.93.70.143
11,Jason,Porter,jportera@hc360.com,Male,243.104.121.205
12,Carol,Howard,chowardb@instagram.com,Female,171.193.9.254
13,Ralph,Wheeler,rwheelerc@fc2.com,Male,220.106.50.118
14,Alan,Fox,afoxd@discuz.net,Male,29.54.209.165
15,Antonio,Cunningham,acunninghame@eventbrite.com,Male,75.131.91.75
16,Dorothy,Knight,dknightf@mlb.com,Female,195.230.142.19
17,Catherine,Black,cblackg@icio.us,Female,186.91.241.79
18,Stephen,Wagner,swagnerh@pen.io,Male,36.40.49.38
19,Samuel,Weaver,sweaveri@virginia.edu,Male,214.131.104.20
20,Douglas,Carroll,dcarrollj@i2i.jp,Male,58.211.57.255
21,George,Harrison,gharrisonk@sogou.com,Male,230.59.0.82
22,Nancy,Moreno,nmorenol@huffingtonpost.com,Female,68.180.188.105
23,Gloria,Willis,gwillism@fc2.com,Female,63.15.150.66
24,Marie,Warren,mwarrenn@ucsd.edu,Female,162.63.80.41
25,Justin,Lawson,jlawsono@psu.edu,Male,124.177.142.175
26,Sharon,Hunter,shunterp@illinois.edu,Female,144.71.251.224
27,Richard,Robertson,rrobertsonq@ox.ac.uk,Male,121.171.85.174
28,Janice,Grant,jgrantr@t-online.de,Female,156.243.145.9
29,Eric,Hart,eharts@nyu.edu,Male,7.94.246.206
30,Richard,Fox,rfoxt@techcrunch.com,Male,27.236.167.2
31,Brenda,Lawrence,blawrenceu@ted.com,Female,244.162.164.201
32,Jason,Cole,jcolev@uiuc.edu,Male,21.206.49.148
33,Frances,Sanchez,fsanchezw@harvard.edu,Female,176.135.48.209
34,Jane,Jordan,jjordanx@un.org,Female,56.212.56.196
35,Louis,Harris,lharrisy@msu.edu,Male,211.110.83.124
36,Dennis,Reed,dreedz@globo.com,Male,233.233.168.53
37,Antonio,Brown,abrown10@usda.gov,Male,166.215.26.148
38,Carlos,Meyer,cmeyer11@illinois.edu,Male,122.54.238.83
39,Anne,Harris,aharris12@tripod.com,Female,187.24.160.136
40,Anne,Hanson,ahanson13@flavors.me,Female,95.35.32.91
41,Juan,Burns,jburns14@si.edu,Male,242.251.127.51
42,Mark,Hart,mhart15@tuttocitta.it,Male,221.107.229.141
43,Melissa,Hicks,mhicks16@xrea.com,Female,158.151.29.20
44,Martin,Rodriguez,mrodriguez17@mapy.cz,Male,73.124.126.183
45,Willie,Austin,waustin18@t.co,Male,139.92.224.247
46,Thomas,Arnold,tarnold19@techcrunch.com,Male,235.164.251.82
47,Kathryn,Jenkins,kjenkins1a@hatena.ne.jp,Female,110.255.18.194
48,Antonio,Daniels,adaniels1b@purevolume.com,Male,152.236.33.201
49,Phyllis,Wood,pwood1c@apache.org,Female,222.120.168.239
50,Lisa,Rivera,lrivera1d@123-reg.co.uk,Female,189.98.250.165
51,Bruce,Day,bday1e@cornell.edu,Male,104.19.23.30
52,Carl,Burke,cburke1f@ezinearticles.com,Male,199.162.115.220
53,Sharon,Banks,sbanks1g@discovery.com,Female,170.234.200.177
54,Rose,Ryan,rryan1h@g.co,Female,82.92.90.32
55,Michelle,Hamilton,mhamilton1i@virginia.edu,Female,191.44.234.148
56,Brandon,Jenkins,bjenkins1j@fda.gov,Male,254.232.255.56
57,Doris,Diaz,ddiaz1k@youku.com,Female,15.251.228.228
58,Helen,Greene,hgreene1l@1und1.de,Female,254.54.163.16
59,Frank,Dean,fdean1m@ca.gov,Male,192.155.2.102
60,Keith,Henderson,khenderson1n@yolasite.com,Male,92.101.126.155
61,Robin,Graham,rgraham1o@seattletimes.com,Female,108.217.240.170
62,Patrick,Medina,pmedina1p@smugmug.com,Male,205.68.210.62
63,Pamela,Morales,pmorales1q@marriott.com,Female,252.181.227.126
64,Richard,Hernandez,rhernandez1r@sakura.ne.jp,Male,187.217.216.27
65,Sarah,Hernandez,shernandez1s@bluehost.com,Female,95.40.196.152
66,Karen,Andrews,kandrews1t@uiuc.edu,Female,209.240.186.81
67,Margaret,Cole,mcole1u@sina.com.cn,Female,246.159.195.147
68,Robin,Hansen,rhansen1v@gravatar.com,Female,237.189.106.163
69,Rachel,Gomez,rgomez1w@sohu.com,Female,80.85.185.237
70,William,Rivera,wrivera1x@odnoklassniki.ru,Male,42.185.65.67
71,Michael,Torres,mtorres1y@themeforest.net,Male,133.137.8.15
72,Roy,Carpenter,rcarpenter1z@reference.com,Male,230.54.62.101
73,Eric,Barnes,ebarnes20@hud.gov,Male,165.214.251.146
74,Shawn,Austin,saustin21@soundcloud.com,Male,50.48.225.126
75,Martin,Rice,mrice22@angelfire.com,Male,233.106.210.229
76,Robin,Barnes,rbarnes23@gmpg.org,Female,187.119.4.160
77,Jack,Harper,jharper24@hugedomains.com,Male,162.116.12.188
78,Lori,Spencer,lspencer25@rediff.com,Female,183.109.210.113
79,Eugene,Grant,egrant26@livejournal.com,Male,30.103.229.129
80,Louise,Thomas,lthomas27@bing.com,Female,73.142.204.10
81,Jeremy,Hamilton,jhamilton28@com.com,Male,86.155.59.238
82,Juan,Day,jday29@4shared.com,Male,9.138.252.237
83,Cheryl,Hudson,chudson2a@nifty.com,Female,31.214.98.66
84,Bonnie,Tucker,btucker2b@si.edu,Female,220.3.148.11
85,Jimmy,Dunn,jdunn2c@microsoft.com,Male,37.45.186.244
86,Richard,Boyd,rboyd2d@indiatimes.com,Male,65.110.112.151
87,Denise,Fox,dfox2e@joomla.org,Female,154.239.45.105
88,Amanda,Black,ablack2f@bing.com,Female,108.98.155.75
89,Sara,Henderson,shenderson2g@google.nl,Female,61.226.184.187
90,Gregory,Kelly,gkelly2h@sun.com,Male,106.143.24.156
91,Jason,Cruz,jcruz2i@tinypic.com,Male,233.144.130.96
92,Ann,Hayes,ahayes2j@netvibes.com,Female,53.214.148.232
93,Lois,Diaz,ldiaz2k@shareasale.com,Female,42.149.103.231
94,Rebecca,Chavez,rchavez2l@earthlink.net,Female,79.193.96.154
95,Frances,Ellis,fellis2m@buzzfeed.com,Female,10.33.53.45
96,Martin,Fuller,mfuller2n@ebay.com,Male,227.103.106.49
97,Larry,Clark,lclark2o@ucsd.edu,Male,32.150.199.154
98,Cheryl,Gilbert,cgilbert2p@army.mil,Female,227.8.141.199
99,Willie,Morgan,wmorgan2q@mail.ru,Male,219.96.108.234
100,Scott,Ward,sward2r@nytimes.com,Male,47.65.43.32
101,Helen,Patterson,hpatterson2s@cargocollective.com,Female,117.172.138.52
102,Alan,Peterson,apeterson2t@comcast.net,Male,240.134.189.42
103,Sharon,Burton,sburton2u@slashdot.org,Female,255.209.110.86
104,Aaron,King,aking2v@ebay.com,Male,182.205.207.138
105,Carlos,Armstrong,carmstrong2w@printfriendly.com,Male,202.245.201.241
106,Peter,George,pgeorge2x@imdb.com,Male,75.229.76.36
107,Alice,Reed,areed2y@mayoclinic.com,Female,134.122.126.71
108,Dorothy,Knight,dknight2z@marriott.com,Female,197.125.23.235
109,Lawrence,Hughes,lhughes30@wunderground.com,Male,208.67.165.25
110,Jeremy,Dean,jdean31@ezinearticles.com,Male,232.153.225.252
111,Shawn,Garcia,sgarcia32@godaddy.com,Male,39.220.84.181
112,Eric,Allen,eallen33@fda.gov,Male,139.77.113.56
113,Antonio,Stone,astone34@eventbrite.com,Male,34.235.248.24
114,Diane,Reynolds,dreynolds35@usnews.com,Female,193.24.190.118
115,Dennis,Larson,dlarson36@berkeley.edu,Male,80.231.14.82
116,Timothy,Ellis,tellis37@mail.ru,Male,66.7.16.136
117,Christine,Gardner,cgardner38@ask.com,Female,117.183.82.102
118,Deborah,Holmes,dholmes39@java.com,Female,245.223.180.245
119,Aaron,Henry,ahenry3a@nbcnews.com,Male,134.27.101.54
120,Bonnie,Peterson,bpeterson3b@etsy.com,Female,176.38.169.140
121,Patricia,Rice,price3c@economist.com,Female,204.207.236.212
122,Jack,Ortiz,jortiz3d@yandex.ru,Male,133.226.80.189
123,Louise,Scott,lscott3e@behance.net,Female,7.202.13.127
124,Angela,Perez,aperez3f@epa.gov,Female,45.177.149.129
125,Sharon,Cook,scook3g@archive.org,Female,122.21.29.108
126,Frances,Wagner,fwagner3h@cloudflare.com,Female,5.242.229.60
127,Roger,Stone,rstone3i@nhs.uk,Male,126.79.3.30
128,Andrea,Rodriguez,arodriguez3j@dot.gov,Female,220.41.160.57
129,Brandon,Carter,bcarter3k@blogtalkradio.com,Male,89.210.203.143
130,Betty,Murray,bmurray3l@bbb.org,Female,108.130.81.210
131,Louis,Perez,lperez3m@jiathis.com,Male,43.172.77.152
132,Antonio,Fields,afields3n@adobe.com,Male,174.32.173.232
133,Thomas,Harper,tharper3o@mozilla.org,Male,57.61.75.241
134,Debra,Thomas,dthomas3p@altervista.org,Female,157.76.158.73
135,Howard,Parker,hparker3q@accuweather.com,Male,209.197.78.216
136,Anthony,Franklin,afranklin3r@cmu.edu,Male,244.129.167.129
137,Gerald,Gardner,ggardner3s@domainmarket.com,Male,213.153.80.82
138,Nicole,Jenkins,njenkins3t@walmart.com,Female,213.84.235.154
139,Denise,Wallace,dwallace3u@theatlantic.com,Female,127.171.93.191
140,Patricia,Russell,prussell3v@w3.org,Female,212.63.202.185
141,Brandon,Burton,bburton3w@sina.com.cn,Male,255.196.249.136
142,Kimberly,Morris,kmorris3x@bravesites.com,Female,188.171.114.68
143,Phyllis,Olson,polson3y@time.com,Female,166.158.236.26
144,Joe,Morris,jmorris3z@netvibes.com,Male,194.119.234.121
145,Bruce,Alexander,balexander40@businessinsider.com,Male,66.4.7.108
146,Paula,Nguyen,pnguyen41@biglobe.ne.jp,Female,101.252.218.106
147,Robin,Miller,rmiller42@dailymotion.com,Female,63.56.202.2
148,Angela,Morris,amorris43@boston.com,Female,124.18.94.35
149,Douglas,Bailey,dbailey44@prweb.com,Male,216.241.33.162
150,Juan,Cooper,jcooper45@tinypic.com,Male,99.118.198.232
151,Steven,Bennett,sbennett46@miibeian.gov.cn,Male,116.218.235.105
152,Wanda,Williamson,wwilliamson47@japanpost.jp,Female,95.7.121.172
153,Amy,Hansen,ahansen48@smh.com.au,Female,191.214.112.111
154,Jacqueline,Lewis,jlewis49@squidoo.com,Female,154.239.179.90
155,Pamela,Burns,pburns4a@washingtonpost.com,Female,167.151.233.100
156,Ruth,Henderson,rhenderson4b@mlb.com,Female,215.16.164.109
157,Janet,Gardner,jgardner4c@ft.com,Female,153.191.94.120
158,Jacqueline,Weaver,jweaver4d@theglobeandmail.com,Female,210.80.149.135
159,Jennifer,Ross,jross4e@purevolume.com,Female,73.0.104.97
160,Martha,Parker,mparker4f@123-reg.co.uk,Female,123.150.183.11
161,Kathryn,Sanders,ksanders4g@ucla.edu,Female,6.57.52.214
162,Stephen,Price,sprice4h@mtv.com,Male,71.250.101.173
163,Anna,Stephens,astephens4i@github.io,Female,39.48.26.125
164,Betty,Arnold,barnold4j@earthlink.net,Female,57.212.231.191
165,Fred,Allen,fallen4k@weebly.com,Male,111.139.67.58
166,Donna,Freeman,dfreeman4l@salon.com,Female,76.100.61.121
167,Paul,Rogers,progers4m@i2i.jp,Male,125.143.36.252
168,Christopher,Lopez,clopez4n@yellowpages.com,Male,224.81.136.179
169,Judy,Castillo,jcastillo4o@de.vu,Female,91.63.91.31
170,Lori,Weaver,lweaver4p@twitter.com,Female,123.147.4.174
171,Stephen,Wagner,swagner4q@businessinsider.com,Male,193.254.223.79
172,Richard,Grant,rgrant4r@theatlantic.com,Male,91.228.145.238
173,Margaret,Edwards,medwards4s@thetimes.co.uk,Female,13.36.168.61
174,Sara,White,swhite4t@amazon.co.jp,Female,86.242.31.129
175,Wayne,Dunn,wdunn4u@a8.net,Male,2.231.135.209
176,Joe,Rogers,jrogers4v@goo.gl,Male,13.193.3.73
177,Jesse,Foster,jfoster4w@cornell.edu,Male,19.58.8.242
178,Ruth,Wagner,rwagner4x@youtu.be,Female,153.144.15.232
179,James,Wright,jwright4y@tumblr.com,Male,107.79.230.241
180,Christopher,Torres,ctorres4z@prweb.com,Male,19.80.87.70
181,Teresa,Robertson,trobertson50@cpanel.net,Female,203.31.96.63
182,Debra,Clark,dclark51@youku.com,Female,188.211.69.38
183,Mark,Sanders,msanders52@sina.com.cn,Male,218.201.16.245
184,Jose,Day,jday53@twitter.com,Male,34.42.19.191
185,Walter,Ryan,wryan54@infoseek.co.jp,Male,252.87.199.6
186,Norma,Rose,nrose55@imdb.com,Female,56.161.219.8
187,Jean,Meyer,jmeyer56@ask.com,Female,26.79.176.151
188,Robert,Rose,rrose57@foxnews.com,Male,221.95.198.36
189,Aaron,Clark,aclark58@google.com.hk,Male,189.251.254.218
190,Wayne,James,wjames59@feedburner.com,Male,134.29.209.240
191,Anne,Woods,awoods5a@chron.com,Female,5.23.81.115
192,Patricia,Watkins,pwatkins5b@wikipedia.org,Female,9.200.247.241
193,Linda,Peterson,lpeterson5c@washington.edu,Female,37.232.190.0
194,Shawn,Mendoza,smendoza5d@hao123.com,Male,217.129.235.153
195,Gloria,Lynch,glynch5e@sohu.com,Female,143.202.169.21
196,Kenneth,Duncan,kduncan5f@skype.com,Male,139.10.206.118
197,Kelly,Washington,kwashington5g@amazon.co.uk,Female,209.167.51.92
198,Robin,Little,rlittle5h@cnet.com,Female,32.83.245.143
199,Joseph,Brooks,jbrooks5i@yahoo.com,Male,247.22.135.93
200,Joseph,King,jking5j@washingtonpost.com,Male,86.190.248.56
201,Joyce,Flores,jflores5k@example.com,Female,216.108.16.245
202,Catherine,Ryan,cryan5l@google.nl,Female,204.230.102.91
203,Carlos,Mason,cmason5m@smugmug.com,Male,169.49.2.100
204,Ronald,Romero,rromero5n@theglobeandmail.com,Male,13.233.249.184
205,Karen,Jordan,kjordan5o@acquirethisname.com,Female,181.102.74.253
206,Michelle,Perry,mperry5p@trellian.com,Female,228.120.210.195
207,Jesse,Powell,jpowell5q@mtv.com,Male,195.224.171.15
208,Carlos,Reed,creed5r@tumblr.com,Male,24.7.126.136
209,Wayne,Stevens,wstevens5s@washingtonpost.com,Male,198.32.242.201
210,David,Sullivan,dsullivan5t@weather.com,Male,214.155.77.208
211,Gary,Rodriguez,grodriguez5u@google.de,Male,101.93.247.63
212,Bobby,Spencer,bspencer5v@nhs.uk,Male,172.218.64.174
213,David,Collins,dcollins5w@sourceforge.net,Male,120.201.101.67
214,Nicholas,Freeman,nfreeman5x@1und1.de,Male,176.241.93.169
215,Ashley,Ford,aford5y@wikipedia.org,Female,83.27.160.208
216,Ryan,Cruz,rcruz5z@amazon.co.uk,Male,5.126.85.110
217,Frances,Robertson,frobertson60@google.ru,Female,252.127.73.39
218,Paul,Reed,preed61@fema.gov,Male,86.93.50.35
219,Joyce,Gonzales,jgonzales62@prnewswire.com,Female,104.102.47.48
220,George,Sanders,gsanders63@jigsy.com,Male,191.232.79.164
221,Richard,Kelley,rkelley64@is.gd,Male,159.157.52.40
222,Thomas,Patterson,tpatterson65@macromedia.com,Male,213.185.183.53
223,Tina,Robertson,trobertson66@elpais.com,Female,18.159.241.253
224,Kevin,Brooks,kbrooks67@archive.org,Male,209.229.151.249
225,Larry,Flores,lflores68@huffingtonpost.com,Male,48.238.209.79
226,Katherine,Boyd,kboyd69@google.co.uk,Female,13.152.168.124
227,Andrea,Burton,aburton6a@house.gov,Female,166.237.182.67
228,Beverly,Medina,bmedina6b@epa.gov,Female,123.54.240.170
229,Gregory,Weaver,gweaver6c@msn.com,Male,118.4.206.149
230,William,Arnold,warnold6d@boston.com,Male,63.14.85.179
231,Robert,Murphy,rmurphy6e@census.gov,Male,151.33.74.145
232,Julie,Willis,jwillis6f@ustream.tv,Female,29.195.255.189
233,Jeffrey,Griffin,jgriffin6g@ucla.edu,Male,94.51.150.17
234,Diane,Larson,dlarson6h@vk.com,Female,209.238.108.142
235,Steve,Coleman,scoleman6i@cbslocal.com,Male,197.212.53.151
236,Martin,Fernandez,mfernandez6j@ezinearticles.com,Male,219.199.193.30
237,Donald,Reed,dreed6k@altervista.org,Male,241.107.134.169
238,Steven,Reyes,sreyes6l@cnet.com,Male,179.128.45.212
239,Jennifer,Rivera,jrivera6m@wisc.edu,Female,193.55.22.232
240,Lillian,Edwards,ledwards6n@virginia.edu,Female,208.152.141.92
241,Michael,Myers,mmyers6o@multiply.com,Male,145.217.209.59
242,Jacqueline,Gonzalez,jgonzalez6p@people.com.cn,Female,144.254.242.106
243,Brandon,Brown,bbrown6q@chicagotribune.com,Male,47.208.65.147
244,Sharon,Cunningham,scunningham6r@sohu.com,Female,49.195.28.79
245,Lillian,Morales,lmorales6s@cnbc.com,Female,153.206.124.75
246,Henry,Gibson,hgibson6t@tamu.edu,Male,7.217.198.209
247,Mary,Kennedy,mkennedy6u@timesonline.co.uk,Female,248.175.207.30
248,Jimmy,Gray,jgray6v@census.gov,Male,23.233.112.39
249,Virginia,Jenkins,vjenkins6w@facebook.com,Female,188.102.86.170
250,Sean,Stanley,sstanley6x@discuz.net,Male,102.217.108.120
251,John,Washington,jwashington6y@yale.edu,Male,21.27.35.210
252,Gregory,Ray,gray6z@cdc.gov,Male,96.120.198.96
253,Brandon,Peterson,bpeterson70@devhub.com,Male,191.21.238.34
254,Wanda,Meyer,wmeyer71@ask.com,Female,64.175.46.216
255,Angela,Jackson,ajackson72@slate.com,Female,217.107.67.107
256,Tina,Wilson,twilson73@washington.edu,Female,127.62.39.206
257,Debra,Wells,dwells74@multiply.com,Female,27.161.199.161
258,Anna,Cooper,acooper75@pinterest.com,Female,16.48.186.35
259,Deborah,Stanley,dstanley76@buzzfeed.com,Female,186.230.0.218
260,Sean,Jenkins,sjenkins77@geocities.jp,Male,211.13.78.202
261,Terry,Hall,thall78@sogou.com,Male,100.250.96.73
262,Sarah,Hunt,shunt79@dot.gov,Female,161.25.172.41
263,Jerry,Larson,jlarson7a@wikispaces.com,Male,186.111.229.71
264,Matthew,King,mking7b@istockphoto.com,Male,95.250.196.142
265,Russell,Williamson,rwilliamson7c@sohu.com,Male,109.147.132.112
266,Jose,Sims,jsims7d@jiathis.com,Male,139.9.54.137
267,Chris,Franklin,cfranklin7e@wsj.com,Male,58.175.66.146
268,Martha,Bailey,mbailey7f@cpanel.net,Female,89.71.78.77
269,Lisa,James,ljames7g@plala.or.jp,Female,161.74.184.254
270,Kevin,Sanchez,ksanchez7h@pagesperso-orange.fr,Male,73.107.8.141
271,Lillian,Mendoza,lmendoza7i@kickstarter.com,Female,114.115.43.7
272,Clarence,Knight,cknight7j@jugem.jp,Male,134.90.218.50
273,Judith,Richards,jrichards7k@booking.com,Female,249.45.40.73
274,Scott,Phillips,sphillips7l@geocities.jp,Male,162.100.172.230
275,Amanda,Willis,awillis7m@wikipedia.org,Female,24.41.15.162
276,Ashley,Kim,akim7n@simplemachines.org,Female,95.131.242.177
277,Stephen,Hart,shart7o@histats.com,Male,232.100.119.188
278,Annie,Richards,arichards7p@census.gov,Female,75.204.59.102
279,Shirley,Grant,sgrant7q@unc.edu,Female,191.223.22.180
280,Larry,Ortiz,lortiz7r@mail.ru,Male,80.90.160.12
281,Joshua,Morgan,jmorgan7s@nbcnews.com,Male,24.174.89.123
282,Frank,James,fjames7t@networkadvertising.org,Male,125.225.232.142
283,Roy,Jenkins,rjenkins7u@loc.gov,Male,34.179.35.155
284,Julie,Lynch,jlynch7v@samsung.com,Female,35.168.236.78
285,Jerry,Bradley,jbradley7w@youtube.com,Male,216.184.148.60
286,Denise,Ford,dford7x@simplemachines.org,Female,86.228.160.205
287,Edward,Hawkins,ehawkins7y@phpbb.com,Male,43.196.182.235
288,Brenda,Matthews,bmatthews7z@sciencedirect.com,Female,6.162.255.234
289,Brandon,Peters,bpeters80@macromedia.com,Male,72.150.63.167
290,Clarence,Walker,cwalker81@archive.org,Male,211.248.212.146
291,Antonio,Hayes,ahayes82@odnoklassniki.ru,Male,153.63.136.198
292,Peter,Jenkins,pjenkins83@google.fr,Male,105.73.72.87
293,Norma,Hawkins,nhawkins84@europa.eu,Female,95.43.180.160
294,Alice,Nelson,anelson85@nih.gov,Female,129.237.255.18
295,Brian,Scott,bscott86@com.com,Male,112.22.100.59
296,Carolyn,Wheeler,cwheeler87@stanford.edu,Female,211.235.111.146
297,Samuel,Hunt,shunt88@nba.com,Male,176.114.191.166
298,Cynthia,Phillips,cphillips89@bloglines.com,Female,3.94.101.179
299,Ruby,Price,rprice8a@google.pl,Female,170.137.163.42
300,Timothy,Stewart,tstewart8b@twitter.com,Male,160.148.75.143
301,Samuel,Stewart,sstewart8c@com.com,Male,187.137.251.71
302,Albert,Warren,awarren8d@umn.edu,Male,110.152.128.96
303,Timothy,Kelley,tkelley8e@example.com,Male,57.71.68.170
304,Ryan,Holmes,rholmes8f@independent.co.uk,Male,246.50.65.3
305,Ronald,Washington,rwashington8g@elpais.com,Male,82.248.21.40
306,Rose,Burns,rburns8h@washington.edu,Female,99.100.49.162
307,Cynthia,Johnston,cjohnston8i@sun.com,Female,150.110.222.41
308,Laura,Knight,lknight8j@yellowbook.com,Female,249.51.235.22
309,Doris,Richardson,drichardson8k@go.com,Female,69.31.111.187
310,Mildred,Simpson,msimpson8l@domainmarket.com,Female,32.92.238.21
311,Eric,Hernandez,ehernandez8m@instagram.com,Male,125.152.44.86
312,Lawrence,Black,lblack8n@hibu.com,Male,155.92.29.253
313,Kevin,Warren,kwarren8o@4shared.com,Male,190.105.105.148
314,Cynthia,Phillips,cphillips8p@networkadvertising.org,Female,33.42.51.70
315,Annie,Roberts,aroberts8q@theglobeandmail.com,Female,245.34.165.211
316,Robert,Barnes,rbarnes8r@amazon.com,Male,169.110.155.218
317,Robert,Hernandez,rhernandez8s@yelp.com,Male,35.170.54.23
318,Lillian,Jacobs,ljacobs8t@macromedia.com,Female,140.68.228.111
319,Anna,Ramos,aramos8u@weather.com,Female,56.169.194.156
320,Robin,Dean,rdean8v@rediff.com,Female,158.119.48.113
321,Karen,Ferguson,kferguson8w@flickr.com,Female,29.22.126.251
322,David,Jackson,djackson8x@ask.com,Male,133.57.9.47
323,Kathryn,Larson,klarson8y@odnoklassniki.ru,Female,41.79.22.227
324,Steve,Watkins,swatkins8z@barnesandnoble.com,Male,141.184.210.154
325,Chris,Gibson,cgibson90@google.com.au,Male,121.119.83.5
326,Timothy,Moreno,tmoreno91@google.co.uk,Male,54.147.72.56
327,Amy,Banks,abanks92@friendfeed.com,Female,175.4.110.203
328,Karen,Woods,kwoods93@addtoany.com,Female,0.225.164.127
329,Eugene,Mason,emason94@furl.net,Male,171.92.183.130
330,Margaret,Bowman,mbowman95@princeton.edu,Female,240.10.119.3
331,Jack,Ross,jross96@flickr.com,Male,162.42.28.144
332,Edward,George,egeorge97@ucla.edu,Male,0.68.166.193
333,Antonio,Murray,amurray98@kickstarter.com,Male,149.123.156.89
334,Lisa,Austin,laustin99@sina.com.cn,Female,145.236.165.108
335,Martha,Garcia,mgarcia9a@ameblo.jp,Female,89.240.164.25
336,Teresa,Sanchez,tsanchez9b@japanpost.jp,Female,217.44.166.161
337,Russell,Green,rgreen9c@discovery.com,Male,181.143.135.99
338,Philip,Carroll,pcarroll9d@posterous.com,Male,18.96.163.45
339,Evelyn,Gonzales,egonzales9e@deliciousdays.com,Female,192.106.213.202
340,John,Crawford,jcrawford9f@163.com,Male,173.249.192.3
341,Antonio,Walker,awalker9g@delicious.com,Male,59.117.20.122
342,Tammy,Day,tday9h@cnet.com,Female,31.20.97.237
343,Amanda,Baker,abaker9i@mit.edu,Female,140.55.164.153
344,Norma,Perkins,nperkins9j@free.fr,Female,181.242.204.177
345,Ashley,Perez,aperez9k@cmu.edu,Female,5.135.61.102
346,Larry,Jones,ljones9l@sciencedirect.com,Male,46.14.177.108
347,Beverly,Meyer,bmeyer9m@ihg.com,Female,85.124.144.124
348,Shawn,Gordon,sgordon9n@discovery.com,Male,10.195.151.240
349,William,Wallace,wwallace9o@economist.com,Male,237.144.173.140
350,Evelyn,Fowler,efowler9p@dyndns.org,Female,63.155.4.228
351,Marie,Perry,mperry9q@w3.org,Female,75.116.137.229
352,Brian,Elliott,belliott9r@nydailynews.com,Male,51.74.8.148
353,Ralph,Wallace,rwallace9s@youtu.be,Male,102.105.70.250
354,Fred,Mccoy,fmccoy9t@yandex.ru,Male,129.203.134.70
355,Earl,Hunt,ehunt9u@soup.io,Male,205.211.240.87
356,Margaret,Chavez,mchavez9v@squidoo.com,Female,52.252.149.44
357,Carolyn,Woods,cwoods9w@ebay.com,Female,56.187.84.33
358,Aaron,Rose,arose9x@hud.gov,Male,17.128.77.142
359,Teresa,Wallace,twallace9y@state.tx.us,Female,155.210.204.85
360,Patrick,Fuller,pfuller9z@howstuffworks.com,Male,188.14.211.235
361,Annie,Smith,asmitha0@vinaora.com,Female,116.145.91.137
362,Anthony,Woods,awoodsa1@aol.com,Male,104.21.185.120
363,Janet,Watson,jwatsona2@feedburner.com,Female,250.84.205.190
364,Samuel,Rose,srosea3@jalbum.net,Male,207.27.51.249
365,Gary,Sims,gsimsa4@unc.edu,Male,12.204.242.219
366,Antonio,Perkins,aperkinsa5@usda.gov,Male,119.68.254.109
367,Randy,Wheeler,rwheelera6@cam.ac.uk,Male,17.121.8.177
368,Margaret,Mccoy,mmccoya7@latimes.com,Female,154.53.129.76
369,Betty,Arnold,barnolda8@miibeian.gov.cn,Female,175.182.69.91
370,Evelyn,Phillips,ephillipsa9@va.gov,Female,249.150.39.60
371,Sharon,Brooks,sbrooksaa@latimes.com,Female,252.212.55.144
372,Emily,Patterson,epattersonab@bloglovin.com,Female,64.184.232.187
373,Marilyn,King,mkingac@constantcontact.com,Female,52.99.210.203
374,Diane,Austin,daustinad@spotify.com,Female,30.166.62.218
375,Helen,Fields,hfieldsae@booking.com,Female,201.107.103.220
376,Louise,Cox,lcoxaf@a8.net,Female,10.25.101.234
377,Rebecca,Andrews,randrewsag@reverbnation.com,Female,209.135.195.161
378,Annie,Pierce,apierceah@phoca.cz,Female,40.198.66.236
379,Harry,Banks,hbanksai@studiopress.com,Male,191.16.34.105
380,Todd,Allen,tallenaj@jalbum.net,Male,2.223.218.205
381,Brandon,Harvey,bharveyak@upenn.edu,Male,7.233.115.160
382,Mildred,Duncan,mduncanal@google.nl,Female,127.126.159.84
383,Jesse,Gonzales,jgonzalesam@gnu.org,Male,231.3.205.87
384,Roger,Fowler,rfowleran@fc2.com,Male,203.9.35.243
385,Jose,Gordon,jgordonao@addtoany.com,Male,194.171.143.91
386,Douglas,Allen,dallenap@oracle.com,Male,148.111.12.17
387,Judy,Brooks,jbrooksaq@go.com,Female,40.8.148.141
388,Jessica,Sullivan,jsullivanar@yolasite.com,Female,240.236.138.197
389,Anna,Morales,amoralesas@wufoo.com,Female,134.42.223.56
390,Albert,Frazier,afrazierat@spotify.com,Male,75.182.200.82
391,Ruth,Flores,rfloresau@bluehost.com,Female,72.97.244.1
392,Alice,Jenkins,ajenkinsav@usatoday.com,Female,113.242.132.138
393,Robin,Hill,rhillaw@plala.or.jp,Female,215.102.119.192
394,Marie,Hall,mhallax@bloglovin.com,Female,204.131.59.142
395,Lois,Wheeler,lwheeleray@canalblog.com,Female,64.232.129.22
396,Eugene,Rivera,eriveraaz@disqus.com,Male,74.57.86.229
397,Lillian,Harvey,lharveyb0@reference.com,Female,58.168.245.165
398,Eric,Reid,ereidb1@cmu.edu,Male,32.17.202.141
399,Kenneth,Gomez,kgomezb2@lycos.com,Male,135.8.142.38
400,Cheryl,Jordan,cjordanb3@spiegel.de,Female,137.24.192.57
401,Antonio,Sanchez,asanchezb4@meetup.com,Male,52.24.125.196
402,Sara,Matthews,smatthewsb5@last.fm,Female,205.18.80.128
403,Cheryl,Grant,cgrantb6@freewebs.com,Female,196.144.104.21
404,Wanda,Mills,wmillsb7@skyrock.com,Female,154.112.244.65
405,Earl,Gibson,egibsonb8@alexa.com,Male,72.200.204.170
406,Jimmy,Ford,jfordb9@wunderground.com,Male,108.45.11.141
407,Melissa,Collins,mcollinsba@google.com.hk,Female,108.71.252.130
408,Kelly,Robertson,krobertsonbb@netlog.com,Female,8.124.99.195
409,Judy,Berry,jberrybc@ox.ac.uk,Female,34.234.106.33
410,Gregory,Perez,gperezbd@tumblr.com,Male,3.213.251.37
411,Eugene,Harris,eharrisbe@a8.net,Male,53.95.161.54
412,Elizabeth,Gilbert,egilbertbf@de.vu,Female,95.31.123.60
413,Joshua,Romero,jromerobg@slate.com,Male,189.210.21.2
414,Bobby,Parker,bparkerbh@domainmarket.com,Male,17.126.101.3
415,Ruth,Rogers,rrogersbi@unesco.org,Female,160.15.31.88
416,Jason,Richards,jrichardsbj@instagram.com,Male,244.74.186.133
417,Beverly,Hayes,bhayesbk@home.pl,Female,185.46.76.218
418,Patrick,Hart,phartbl@diigo.com,Male,55.241.202.61
419,Charles,Wilson,cwilsonbm@4shared.com,Male,74.205.26.228
420,Lori,Day,ldaybn@photobucket.com,Female,197.235.193.102
421,Chris,Wilson,cwilsonbo@time.com,Male,138.13.49.150
422,Sarah,Castillo,scastillobp@dyndns.org,Female,222.121.192.7
423,Brenda,Cox,bcoxbq@barnesandnoble.com,Female,158.136.47.240
424,Martha,Gordon,mgordonbr@shinystat.com,Female,60.133.194.221
425,Ryan,Thompson,rthompsonbs@nytimes.com,Male,228.32.219.164
426,Carol,Davis,cdavisbt@stanford.edu,Female,200.213.248.189
427,Jeffrey,Welch,jwelchbu@nymag.com,Male,166.87.40.88
428,Norma,Willis,nwillisbv@unc.edu,Female,171.146.98.27
429,Eugene,Mendoza,emendozabw@soup.io,Male,189.117.135.9
430,Russell,Gonzalez,rgonzalezbx@thetimes.co.uk,Male,207.50.220.12
431,George,Hunter,ghunterby@sciencedirect.com,Male,147.199.170.148
432,Charles,Ross,crossbz@creativecommons.org,Male,65.56.220.94
433,David,Wright,dwrightc0@kickstarter.com,Male,178.216.142.116
434,Wanda,Henry,whenryc1@huffingtonpost.com,Female,36.250.189.132
435,Jose,Spencer,jspencerc2@oracle.com,Male,74.130.42.254
436,Eugene,Lewis,elewisc3@berkeley.edu,Male,120.89.236.48
437,Sarah,West,swestc4@dailymotion.com,Female,71.250.246.50
438,David,Fowler,dfowlerc5@ucsd.edu,Male,37.194.213.199
439,Jennifer,Shaw,jshawc6@senate.gov,Female,170.103.182.25
440,Joe,Willis,jwillisc7@jimdo.com,Male,145.99.141.172
441,Eric,Hughes,ehughesc8@weebly.com,Male,124.46.0.84
442,Rachel,Harper,rharperc9@ebay.com,Female,126.155.202.203
443,Fred,Bennett,fbennettca@g.co,Male,57.255.11.246
444,Philip,Jacobs,pjacobscb@imgur.com,Male,211.228.195.231
445,Diane,Gibson,dgibsoncc@wordpress.org,Female,44.97.51.116
446,John,Day,jdaycd@miibeian.gov.cn,Male,34.178.107.36
447,Cynthia,Kelley,ckelleyce@w3.org,Female,50.251.147.61
448,Timothy,Welch,twelchcf@altervista.org,Male,126.138.113.133
449,Gerald,Mccoy,gmccoycg@myspace.com,Male,57.113.201.191
450,James,Howard,jhowardch@fotki.com,Male,33.82.94.195
451,Robin,Watson,rwatsonci@admin.ch,Female,157.32.185.158
452,Catherine,Lynch,clynchcj@hc360.com,Female,27.7.175.29
453,Juan,Griffin,jgriffinck@sogou.com,Male,115.225.191.73
454,Tammy,Burns,tburnscl@europa.eu,Female,254.237.115.195
455,Kelly,Hughes,khughescm@nps.gov,Female,37.29.73.234
456,Jennifer,Freeman,jfreemancn@google.es,Female,63.46.221.249
457,Judy,Hunter,jhunterco@slashdot.org,Female,82.224.40.58
458,Joshua,Peterson,jpetersoncp@wordpress.com,Male,102.71.157.170
459,Nicholas,Baker,nbakercq@umich.edu,Male,182.216.174.90
460,Wanda,Rivera,wriveracr@census.gov,Female,1.199.161.59
461,Marilyn,Nelson,mnelsoncs@bing.com,Female,59.141.140.101
462,Virginia,Hanson,vhansonct@irs.gov,Female,70.23.56.241
463,Robin,Kelly,rkellycu@hp.com,Female,243.81.90.149
464,Justin,Woods,jwoodscv@aol.com,Male,141.156.107.88
465,Kathleen,Wood,kwoodcw@indiegogo.com,Female,177.191.5.58
466,Randy,Edwards,redwardscx@npr.org,Male,71.109.254.191
467,Benjamin,Welch,bwelchcy@printfriendly.com,Male,7.58.105.130
468,Anne,Foster,afostercz@shinystat.com,Female,200.187.0.88
469,Wanda,Andrews,wandrewsd0@forbes.com,Female,65.23.3.76
470,Paula,Hansen,phansend1@amazon.co.jp,Female,116.250.192.82
471,Jacqueline,West,jwestd2@kickstarter.com,Female,119.193.33.37
472,Lillian,Johnson,ljohnsond3@lulu.com,Female,233.147.57.189
473,Jonathan,Rodriguez,jrodriguezd4@pinterest.com,Male,49.143.87.23
474,Jimmy,Hawkins,jhawkinsd5@sogou.com,Male,104.244.204.140
475,Nicholas,Clark,nclarkd6@furl.net,Male,192.154.89.92
476,Christine,Bennett,cbennettd7@shutterfly.com,Female,21.117.98.155
477,Gregory,Rice,griced8@apple.com,Male,167.89.235.49
478,Russell,Washington,rwashingtond9@zdnet.com,Male,241.114.13.168
479,Carlos,Fox,cfoxda@globo.com,Male,191.26.47.32
480,Steven,Frazier,sfrazierdb@washington.edu,Male,12.117.23.231
481,Andrew,Brooks,abrooksdc@xrea.com,Male,159.9.215.110
482,Harold,Phillips,hphillipsdd@cyberchimps.com,Male,193.24.58.160
483,Bruce,Howard,bhowardde@tamu.edu,Male,42.61.64.56
484,Wanda,Baker,wbakerdf@nih.gov,Female,38.196.162.230
485,John,Foster,jfosterdg@jigsy.com,Male,27.2.218.236
486,Terry,Sanders,tsandersdh@home.pl,Male,179.4.100.41
487,Roy,Anderson,randersondi@mashable.com,Male,82.164.134.70
488,Carlos,White,cwhitedj@dyndns.org,Male,205.243.27.143
489,Kathy,Bishop,kbishopdk@comcast.net,Female,5.191.151.245
490,Louis,Cook,lcookdl@dropbox.com,Male,143.210.100.21
491,Raymond,Kennedy,rkennedydm@cbsnews.com,Male,94.33.10.108
492,Michelle,Price,mpricedn@photobucket.com,Female,165.104.45.145
493,Timothy,Bowman,tbowmando@dell.com,Male,68.20.78.251
494,Jack,Kelly,jkellydp@ucla.edu,Male,197.190.209.132
495,Keith,Ruiz,kruizdq@newyorker.com,Male,45.88.57.110
496,Phyllis,Harvey,pharveydr@yahoo.co.jp,Female,116.23.193.56
497,Kathryn,Fuller,kfullerds@wikimedia.org,Female,44.159.163.173
498,Patrick,Dunn,pdunndt@com.com,Male,214.148.160.77
499,Adam,Watson,awatsondu@state.gov,Male,99.181.37.231
500,Katherine,Mitchell,kmitchelldv@fastcompany.com,Female,92.1.124.166
501,Jane,Elliott,jelliottdw@sakura.ne.jp,Female,237.125.114.153
502,Matthew,Schmidt,mschmidtdx@blog.com,Male,91.205.82.24
503,Julie,Williamson,jwilliamsondy@fastcompany.com,Female,195.77.135.252
504,Robert,Mcdonald,rmcdonalddz@marketwatch.com,Male,98.68.216.144
505,Bruce,Gomez,bgomeze0@miitbeian.gov.cn,Male,82.168.58.134
506,Samuel,Myers,smyerse1@domainmarket.com,Male,250.174.157.208
507,Mark,Nguyen,mnguyene2@hugedomains.com,Male,68.171.22.29
508,Kathleen,Sullivan,ksullivane3@techcrunch.com,Female,92.53.68.153
509,Nicole,Martin,nmartine4@washington.edu,Female,100.237.20.233
510,Todd,Brown,tbrowne5@photobucket.com,Male,137.209.13.183
511,Kathryn,Ross,krosse6@google.fr,Female,119.99.100.165
512,Sharon,Hanson,shansone7@microsoft.com,Female,10.82.100.130
513,Stephen,Alexander,salexandere8@youtube.com,Male,138.255.75.149
514,Lisa,Kelly,lkellye9@jiathis.com,Female,229.138.227.177
515,Helen,Ross,hrossea@ucsd.edu,Female,166.34.247.244
516,Phillip,Sanchez,psanchezeb@si.edu,Male,42.60.45.141
517,Deborah,Ferguson,dfergusonec@webs.com,Female,173.34.4.214
518,Ernest,Bailey,ebaileyed@posterous.com,Male,88.35.62.188
519,Shirley,Williamson,swilliamsonee@yellowpages.com,Female,171.100.104.162
520,Tina,Warren,twarrenef@booking.com,Female,155.199.39.125
521,Brian,Fernandez,bfernandezeg@answers.com,Male,224.22.232.153
522,Harold,Jones,hjoneseh@forbes.com,Male,86.109.39.43
523,Lois,Ortiz,lortizei@uiuc.edu,Female,21.20.186.212
524,Frances,Fox,ffoxej@mac.com,Female,50.197.66.179
525,Kevin,Meyer,kmeyerek@creativecommons.org,Male,202.45.117.15
526,Denise,Ward,dwardel@t.co,Female,70.59.2.205
527,Brenda,Smith,bsmithem@unc.edu,Female,94.147.132.56
528,Helen,Adams,hadamsen@berkeley.edu,Female,159.127.209.153
529,Sharon,Robertson,srobertsoneo@vimeo.com,Female,69.212.77.111
530,Adam,Snyder,asnyderep@baidu.com,Male,2.205.39.229
531,Michael,Jordan,mjordaneq@goo.gl,Male,220.193.208.32
532,Michael,Bishop,mbishoper@exblog.jp,Male,222.137.20.209
533,Emily,Mills,emillses@zimbio.com,Female,32.202.192.191
534,Jacqueline,Henry,jhenryet@istockphoto.com,Female,124.56.67.157
535,Phillip,Alexander,palexandereu@jigsy.com,Male,121.114.186.244
536,Bruce,Sims,bsimsev@cnet.com,Male,147.186.152.141
537,Randy,Gutierrez,rgutierrezew@bluehost.com,Male,42.238.249.157
538,Gloria,Moore,gmooreex@reuters.com,Female,244.14.135.69
539,Carol,Mitchell,cmitchelley@creativecommons.org,Female,236.161.118.64
540,Jimmy,Simpson,jsimpsonez@cmu.edu,Male,225.203.59.153
541,Dennis,Simpson,dsimpsonf0@devhub.com,Male,101.34.101.118
542,Anna,Gomez,agomezf1@ycombinator.com,Female,242.196.74.120
543,Linda,Torres,ltorresf2@surveymonkey.com,Female,115.6.173.93
544,Ashley,Thompson,athompsonf3@state.tx.us,Female,183.225.229.109
545,Lillian,Hudson,lhudsonf4@storify.com,Female,199.241.69.86
546,Louis,Miller,lmillerf5@usatoday.com,Male,191.45.167.24
547,Jonathan,Taylor,jtaylorf6@nbcnews.com,Male,120.219.85.30
548,Lisa,Harper,lharperf7@mozilla.com,Female,167.216.35.204
549,Elizabeth,Dean,edeanf8@mozilla.com,Female,77.162.108.177
550,Heather,Hawkins,hhawkinsf9@pen.io,Female,181.125.57.48
551,William,Gray,wgrayfa@buzzfeed.com,Male,211.101.196.0
552,Kathleen,Larson,klarsonfb@myspace.com,Female,102.24.26.43
553,Kathryn,Pierce,kpiercefc@cafepress.com,Female,188.21.11.226
554,Donald,Frazier,dfrazierfd@sbwire.com,Male,204.41.108.139
555,Katherine,Morris,kmorrisfe@si.edu,Female,4.75.248.13
556,Antonio,King,akingff@oracle.com,Male,76.184.244.168
557,Philip,King,pkingfg@odnoklassniki.ru,Male,103.39.157.99
558,Anna,Allen,aallenfh@twitpic.com,Female,133.101.212.54
559,Edward,Harvey,eharveyfi@usatoday.com,Male,124.83.173.42
560,Alice,Snyder,asnyderfj@addtoany.com,Female,202.32.143.106
561,Ralph,Johnson,rjohnsonfk@wsj.com,Male,111.246.176.88
562,Eugene,Porter,eporterfl@parallels.com,Male,141.171.158.101
563,Stephen,Rodriguez,srodriguezfm@blogger.com,Male,215.49.100.173
564,Sara,Oliver,soliverfn@webs.com,Female,12.40.75.117
565,Patrick,Castillo,pcastillofo@china.com.cn,Male,190.255.221.48
566,Wayne,Marshall,wmarshallfp@google.cn,Male,118.138.64.81
567,Nancy,Hanson,nhansonfq@senate.gov,Female,13.159.188.83
568,Dorothy,Roberts,drobertsfr@scientificamerican.com,Female,194.252.13.179
569,Shirley,Elliott,selliottfs@com.com,Female,60.197.186.6
570,Lori,Meyer,lmeyerft@indiegogo.com,Female,68.30.219.183
571,Ronald,Riley,rrileyfu@friendfeed.com,Male,2.240.201.215
572,Shirley,Stevens,sstevensfv@technorati.com,Female,185.178.255.104
573,Anthony,Hunt,ahuntfw@nbcnews.com,Male,205.45.127.23
574,Willie,Moore,wmoorefx@guardian.co.uk,Male,35.6.171.157
575,Frank,Mason,fmasonfy@google.fr,Male,212.113.92.129
576,Diane,Lewis,dlewisfz@epa.gov,Female,37.171.110.217
577,Jerry,Warren,jwarreng0@123-reg.co.uk,Male,133.156.117.7
578,Brian,Lawrence,blawrenceg1@wired.com,Male,204.29.210.137
579,Gerald,Ford,gfordg2@kickstarter.com,Male,84.121.72.159
580,Antonio,Brooks,abrooksg3@cbsnews.com,Male,175.159.192.81
581,Pamela,Henderson,phendersong4@princeton.edu,Female,202.167.0.74
582,Katherine,Brooks,kbrooksg5@auda.org.au,Female,152.45.66.54
583,Beverly,Moreno,bmorenog6@simplemachines.org,Female,194.140.12.210
584,Elizabeth,Arnold,earnoldg7@dion.ne.jp,Female,92.250.167.76
585,Cynthia,Arnold,carnoldg8@phoca.cz,Female,193.249.136.54
586,Jeffrey,Edwards,jedwardsg9@techcrunch.com,Male,108.32.68.63
587,Lori,Wright,lwrightga@creativecommons.org,Female,106.69.163.194
588,Helen,Harper,hharpergb@i2i.jp,Female,53.16.40.56
589,Dennis,Ryan,dryangc@goo.gl,Male,136.90.134.163
590,Fred,Ford,ffordgd@stumbleupon.com,Male,58.196.210.85
591,Diane,Black,dblackge@dell.com,Female,210.48.68.140
592,Victor,Garza,vgarzagf@accuweather.com,Male,192.0.205.191
593,Dorothy,Hayes,dhayesgg@slideshare.net,Female,84.95.130.198
594,Shawn,Payne,spaynegh@state.gov,Male,138.248.33.44
595,Amanda,Miller,amillergi@furl.net,Female,123.140.235.41
596,Alice,Ford,afordgj@yelp.com,Female,103.83.29.67
597,Antonio,Nguyen,anguyengk@oakley.com,Male,97.73.50.198
598,Heather,Martinez,hmartinezgl@flickr.com,Female,158.247.98.177
599,Thomas,Reynolds,treynoldsgm@deviantart.com,Male,105.0.42.242
600,Paula,Moore,pmooregn@dell.com,Female,203.116.157.41
601,Douglas,Wright,dwrightgo@xinhuanet.com,Male,59.23.33.79
602,Douglas,Henry,dhenrygp@skyrock.com,Male,220.249.54.86
603,Philip,James,pjamesgq@reference.com,Male,119.59.169.108
604,Dennis,Campbell,dcampbellgr@usatoday.com,Male,217.172.161.78
605,Christopher,Bryant,cbryantgs@wix.com,Male,76.112.222.4
606,Jason,Payne,jpaynegt@example.com,Male,149.237.186.3
607,Marie,Jordan,mjordangu@google.nl,Female,235.169.113.33
608,Bonnie,Greene,bgreenegv@wikipedia.org,Female,171.50.90.180
609,Amy,Arnold,aarnoldgw@dyndns.org,Female,8.142.86.56
610,Scott,Matthews,smatthewsgx@deviantart.com,Male,29.216.1.195
611,Paula,Bennett,pbennettgy@163.com,Female,25.49.176.150
612,Carol,Sims,csimsgz@xinhuanet.com,Female,141.250.86.28
613,Janice,Hunt,jhunth0@facebook.com,Female,194.218.202.135
614,Tina,Webb,twebbh1@ebay.com,Female,153.159.152.7
615,Joe,Hall,jhallh2@berkeley.edu,Male,223.137.188.91
616,Sean,Bailey,sbaileyh3@weebly.com,Male,116.97.161.113
617,Henry,Perry,hperryh4@last.fm,Male,25.149.64.23
618,Frank,Ruiz,fruizh5@amazon.com,Male,131.32.4.100
619,Craig,Tucker,ctuckerh6@hatena.ne.jp,Male,20.5.209.161
620,Johnny,Medina,jmedinah7@jimdo.com,Male,239.163.89.70
621,Jeremy,Butler,jbutlerh8@redcross.org,Male,19.136.57.42
622,Christina,Lawrence,clawrenceh9@businesswire.com,Female,125.94.170.197
623,Todd,Simmons,tsimmonsha@sbwire.com,Male,8.132.87.143
624,Bonnie,Morris,bmorrishb@icq.com,Female,58.245.86.216
625,Julie,Anderson,jandersonhc@toplist.cz,Female,29.114.3.180
626,Angela,Oliver,aoliverhd@bizjournals.com,Female,79.252.190.179
627,George,Sullivan,gsullivanhe@nydailynews.com,Male,89.138.2.136
628,Michelle,Moreno,mmorenohf@buzzfeed.com,Female,124.57.64.193
629,Teresa,Matthews,tmatthewshg@npr.org,Female,228.92.208.241
630,Ann,Green,agreenhh@pen.io,Female,144.50.79.205
631,Samuel,Lewis,slewishi@pcworld.com,Male,175.109.43.154
632,Phillip,Patterson,ppattersonhj@liveinternet.ru,Male,167.18.152.229
633,Sara,Chavez,schavezhk@slate.com,Female,25.112.189.21
634,Antonio,Bishop,abishophl@homestead.com,Male,223.118.7.55
635,Carol,Gordon,cgordonhm@comcast.net,Female,126.141.191.142
636,Cynthia,Banks,cbankshn@dedecms.com,Female,98.131.126.129
637,Christine,Greene,cgreeneho@g.co,Female,254.26.192.16
638,Bobby,Wagner,bwagnerhp@jalbum.net,Male,241.198.142.53
639,Cheryl,Ferguson,cfergusonhq@irs.gov,Female,225.88.224.30
640,Melissa,Johnson,mjohnsonhr@google.co.jp,Female,23.96.216.136
641,Lisa,Chavez,lchavezhs@ameblo.jp,Female,155.197.243.64
642,Amanda,Peters,apetersht@webnode.com,Female,170.26.190.118
643,Bonnie,Richardson,brichardsonhu@house.gov,Female,28.141.169.225
644,Benjamin,White,bwhitehv@reuters.com,Male,95.84.65.216
645,Gregory,Hunter,ghunterhw@hibu.com,Male,40.32.52.138
646,Peter,Bennett,pbennetthx@cmu.edu,Male,236.214.220.2
647,Christina,Ellis,cellishy@bravesites.com,Female,210.146.100.168
648,Robin,Watson,rwatsonhz@bluehost.com,Female,23.171.251.125
649,Roy,Gutierrez,rgutierrezi0@parallels.com,Male,37.109.64.66
650,Amy,Jackson,ajacksoni1@telegraph.co.uk,Female,182.241.155.178
651,Edward,Morrison,emorrisoni2@wordpress.com,Male,187.81.16.196
652,Laura,Anderson,landersoni3@washington.edu,Female,104.203.94.249
653,Christine,Pierce,cpiercei4@indiegogo.com,Female,229.36.111.122
654,Gerald,Armstrong,garmstrongi5@ocn.ne.jp,Male,49.235.241.63
655,Beverly,Fields,bfieldsi6@sfgate.com,Female,47.236.97.117
656,Mary,Parker,mparkeri7@nifty.com,Female,110.120.14.218
657,Anna,Alvarez,aalvarezi8@mlb.com,Female,92.68.156.53
658,Kimberly,Rose,krosei9@techcrunch.com,Female,211.42.219.107
659,Russell,Frazier,rfrazieria@ning.com,Male,172.195.146.120
660,Joseph,Lawrence,jlawrenceib@gov.uk,Male,74.96.182.81
661,Benjamin,Martinez,bmartinezic@jimdo.com,Male,82.126.207.149
662,Joyce,Mcdonald,jmcdonaldid@biblegateway.com,Female,25.73.135.160
663,Gary,Walker,gwalkerie@icq.com,Male,240.167.229.39
664,Carlos,Duncan,cduncanif@ucsd.edu,Male,142.190.73.150
665,Norma,Holmes,nholmesig@state.gov,Female,86.112.66.166
666,William,Romero,wromeroih@drupal.org,Male,238.81.177.193
667,Bruce,Ray,brayii@sina.com.cn,Male,188.123.98.210
668,Melissa,Garrett,mgarrettij@nydailynews.com,Female,82.127.93.99
669,Frances,Jackson,fjacksonik@wordpress.com,Female,70.172.232.180
670,Fred,Phillips,fphillipsil@google.com.hk,Male,124.4.249.72
671,Larry,Foster,lfosterim@odnoklassniki.ru,Male,124.124.34.134
672,Janice,Kim,jkimin@icio.us,Female,107.191.249.221
673,Fred,Henry,fhenryio@vimeo.com,Male,105.50.20.156
674,Debra,Hicks,dhicksip@kickstarter.com,Female,81.124.96.49
675,Bruce,Watson,bwatsoniq@ycombinator.com,Male,93.239.208.48
676,Henry,Lawrence,hlawrenceir@oracle.com,Male,184.206.160.142
677,Linda,Olson,lolsonis@unc.edu,Female,203.78.45.128
678,Thomas,Hudson,thudsonit@wp.com,Male,73.99.27.98
679,Ruth,Henry,rhenryiu@ow.ly,Female,83.195.43.72
680,Jason,Harvey,jharveyiv@gravatar.com,Male,120.122.56.89
681,Beverly,Hamilton,bhamiltoniw@weebly.com,Female,20.60.69.222
682,Louis,Torres,ltorresix@tmall.com,Male,145.120.94.137
683,Lawrence,Howell,lhowelliy@google.cn,Male,75.99.161.103
684,Elizabeth,Kelly,ekellyiz@cyberchimps.com,Female,31.245.147.62
685,Christopher,Cox,ccoxj0@spotify.com,Male,83.21.129.194
686,Wanda,Romero,wromeroj1@cbsnews.com,Female,122.188.77.101
687,Doris,Morgan,dmorganj2@yelp.com,Female,196.49.44.80
688,Billy,Alexander,balexanderj3@mysql.com,Male,110.59.188.242
689,Earl,Graham,egrahamj4@youku.com,Male,227.200.67.212
690,Marie,Wood,mwoodj5@gov.uk,Female,163.246.44.44
691,Alice,Hughes,ahughesj6@tiny.cc,Female,73.52.74.145
692,Jacqueline,Ramos,jramosj7@flickr.com,Female,177.145.81.50
693,Jacqueline,Bell,jbellj8@thetimes.co.uk,Female,14.115.60.229
694,Phillip,Carr,pcarrj9@wiley.com,Male,54.101.14.87
695,Diane,Ray,drayja@mapquest.com,Female,148.6.175.168
696,Douglas,Bailey,dbaileyjb@home.pl,Male,194.132.107.243
697,Sara,Lee,sleejc@exblog.jp,Female,67.236.60.8
698,Jose,Fox,jfoxjd@home.pl,Male,218.116.174.29
699,Ann,Ellis,aellisje@over-blog.com,Female,0.0.6.161
700,Jessica,Garcia,jgarciajf@virginia.edu,Female,81.64.86.64
701,Aaron,George,ageorgejg@bigcartel.com,Male,67.54.228.65
702,Ralph,Diaz,rdiazjh@opera.com,Male,132.164.120.246
703,Emily,Webb,ewebbji@google.pl,Female,123.24.107.54
704,Mark,Reed,mreedjj@howstuffworks.com,Male,209.239.169.252
705,Timothy,Wood,twoodjk@about.com,Male,23.240.37.206
706,Virginia,Hunter,vhunterjl@cbsnews.com,Female,38.79.212.250
707,Rose,Wilson,rwilsonjm@narod.ru,Female,10.150.4.218
708,Carolyn,Gilbert,cgilbertjn@xing.com,Female,110.105.220.8
709,Paul,Elliott,pelliottjo@va.gov,Male,227.179.156.13
710,Amanda,Burke,aburkejp@samsung.com,Female,130.124.95.236
711,Frank,Dixon,fdixonjq@whitehouse.gov,Male,192.22.215.147
712,Ruby,Ray,rrayjr@symantec.com,Female,41.49.254.63
713,Laura,Ramirez,lramirezjs@nbcnews.com,Female,56.26.41.115
714,Roger,Olson,rolsonjt@gizmodo.com,Male,247.177.245.203
715,Terry,Henry,thenryju@unc.edu,Male,182.167.13.97
716,Bonnie,Riley,brileyjv@usda.gov,Female,95.165.198.191
717,Betty,Ruiz,bruizjw@twitpic.com,Female,57.83.129.21
718,Joe,Russell,jrusselljx@microsoft.com,Male,38.82.235.40
719,Aaron,Jordan,ajordanjy@boston.com,Male,152.164.230.201
720,Andrea,Lane,alanejz@hostgator.com,Female,159.241.203.149
721,Mildred,Taylor,mtaylork0@simplemachines.org,Female,199.192.155.246
722,Kenneth,Marshall,kmarshallk1@exblog.jp,Male,134.180.192.123
723,Paul,Gonzales,pgonzalesk2@imdb.com,Male,5.119.114.242
724,Melissa,Patterson,mpattersonk3@cloudflare.com,Female,185.188.74.28
725,Jeffrey,Weaver,jweaverk4@hao123.com,Male,129.86.207.87
726,Maria,Ferguson,mfergusonk5@so-net.ne.jp,Female,38.93.23.14
727,Beverly,Lewis,blewisk6@abc.net.au,Female,206.118.201.233
728,Richard,Hernandez,rhernandezk7@apache.org,Male,174.93.74.151
729,Jack,Phillips,jphillipsk8@ucoz.ru,Male,107.29.206.120
730,Lori,Rice,lricek9@zimbio.com,Female,2.156.58.94
731,Lori,Russell,lrussellka@histats.com,Female,152.201.242.132
732,Nicole,Bailey,nbaileykb@theglobeandmail.com,Female,86.116.11.141
733,Jane,Bennett,jbennettkc@imgur.com,Female,101.196.3.246
734,Clarence,Wells,cwellskd@over-blog.com,Male,249.45.81.198
735,Ernest,Bryant,ebryantke@nydailynews.com,Male,223.171.185.205
736,Bruce,Simpson,bsimpsonkf@infoseek.co.jp,Male,184.2.232.27
737,Wanda,Thomas,wthomaskg@indiegogo.com,Female,211.244.36.98
738,James,Lawrence,jlawrencekh@webs.com,Male,51.76.209.29
739,Eugene,Vasquez,evasquezki@rakuten.co.jp,Male,29.126.224.69
740,Kenneth,Lawrence,klawrencekj@xing.com,Male,132.138.80.109
741,Willie,Mills,wmillskk@cafepress.com,Male,247.152.38.228
742,Janet,Green,jgreenkl@netvibes.com,Female,103.108.94.78
743,Russell,Gordon,rgordonkm@zimbio.com,Male,190.157.140.14
744,Anthony,Brown,abrownkn@naver.com,Male,154.27.230.199
745,Jerry,Cruz,jcruzko@soundcloud.com,Male,164.222.125.37
746,Ryan,Watson,rwatsonkp@omniture.com,Male,19.53.35.131
747,Alan,Franklin,afranklinkq@list-manage.com,Male,68.223.224.220
748,Carl,Lewis,clewiskr@instagram.com,Male,96.162.101.126
749,Tammy,Long,tlongks@printfriendly.com,Female,227.212.100.141
750,Marie,Chapman,mchapmankt@amazon.de,Female,70.54.194.160
751,Denise,Woods,dwoodsku@multiply.com,Female,141.17.81.172
752,Jason,Payne,jpaynekv@dmoz.org,Male,174.93.85.32
753,Annie,Carpenter,acarpenterkw@hc360.com,Female,7.48.204.173
754,Emily,Kelley,ekelleykx@alexa.com,Female,143.198.139.13
755,Michael,Duncan,mduncanky@blogs.com,Male,62.173.232.244
756,Jose,James,jjameskz@xrea.com,Male,150.88.84.43
757,Cheryl,Young,cyoungl0@globo.com,Female,228.178.184.162
758,Joshua,Boyd,jboydl1@mozilla.com,Male,142.45.50.143
759,Pamela,Garza,pgarzal2@clickbank.net,Female,157.169.202.32
760,Gary,Hanson,ghansonl3@123-reg.co.uk,Male,151.116.216.144
761,Diana,Perez,dperezl4@washington.edu,Female,118.128.207.49
762,Pamela,Franklin,pfranklinl5@si.edu,Female,17.146.130.165
763,Carl,Cox,ccoxl6@trellian.com,Male,196.48.86.215
764,Daniel,Baker,dbakerl7@phoca.cz,Male,125.95.57.236
765,Stephen,Jones,sjonesl8@walmart.com,Male,155.119.213.188
766,Ralph,Carr,rcarrl9@cam.ac.uk,Male,176.67.237.237
767,Anna,Collins,acollinsla@sourceforge.net,Female,1.207.234.27
768,Andrew,Williams,awilliamslb@ca.gov,Male,79.226.100.10
769,Benjamin,Sanders,bsanderslc@independent.co.uk,Male,41.234.126.205
770,Frances,King,fkingld@tripod.com,Female,206.84.74.17
771,Eugene,Mills,emillsle@nytimes.com,Male,110.105.73.24
772,Debra,Franklin,dfranklinlf@comsenz.com,Female,146.157.93.159
773,Lawrence,Harvey,lharveylg@about.com,Male,53.35.90.188
774,Christine,Alvarez,calvarezlh@bbb.org,Female,109.162.152.238
775,Fred,Johnson,fjohnsonli@google.it,Male,122.19.113.244
776,Gregory,Green,ggreenlj@jugem.jp,Male,247.4.71.211
777,Daniel,Hunter,dhunterlk@parallels.com,Male,201.1.193.115
778,Judy,Ford,jfordll@whitehouse.gov,Female,55.21.10.151
779,Robert,Hanson,rhansonlm@businesswire.com,Male,199.17.32.28
780,Douglas,Hart,dhartln@baidu.com,Male,20.63.196.36
781,Ann,Ross,arosslo@soundcloud.com,Female,225.149.218.85
782,Jonathan,Wagner,jwagnerlp@blog.com,Male,143.29.49.28
783,Jane,Sullivan,jsullivanlq@tinyurl.com,Female,18.224.112.27
784,Catherine,Alvarez,calvarezlr@1688.com,Female,60.195.98.230
785,Aaron,Hicks,ahicksls@china.com.cn,Male,35.163.147.94
786,Rebecca,Holmes,rholmeslt@cnet.com,Female,13.217.49.72
787,Kathy,Bennett,kbennettlu@example.com,Female,92.206.163.17
788,Martin,Snyder,msnyderlv@arizona.edu,Male,113.158.220.186
789,Nancy,Palmer,npalmerlw@walmart.com,Female,255.50.20.194
790,Donald,Coleman,dcolemanlx@macromedia.com,Male,197.253.202.247
791,Jean,Marshall,jmarshallly@webs.com,Female,54.11.240.192
792,Jean,Snyder,jsnyderlz@ezinearticles.com,Female,228.100.135.21
793,Bobby,Warren,bwarrenm0@bigcartel.com,Male,137.165.159.59
794,Steve,Ellis,sellism1@skyrock.com,Male,16.95.177.28
795,Scott,Cooper,scooperm2@symantec.com,Male,163.164.129.36
796,Joseph,Daniels,jdanielsm3@behance.net,Male,164.28.210.130
797,Joshua,Morgan,jmorganm4@indiegogo.com,Male,128.65.235.34
798,Keith,Banks,kbanksm5@cmu.edu,Male,106.207.74.212
799,Jeremy,Martinez,jmartinezm6@51.la,Male,70.184.244.242
800,Rachel,Frazier,rfrazierm7@baidu.com,Female,246.96.113.205
801,Benjamin,Gordon,bgordonm8@skype.com,Male,162.102.114.148
802,Robert,James,rjamesm9@addthis.com,Male,134.25.230.206
803,Shirley,Morales,smoralesma@tinypic.com,Female,191.45.212.237
804,Deborah,Duncan,dduncanmb@xing.com,Female,229.171.138.205
805,Jonathan,Miller,jmillermc@mozilla.org,Male,190.68.95.230
806,Annie,Crawford,acrawfordmd@ning.com,Female,198.112.238.40
807,Nancy,Cruz,ncruzme@shutterfly.com,Female,83.62.22.250
808,Wayne,Williams,wwilliamsmf@amazon.co.uk,Male,251.181.185.237
809,Kathryn,Harper,kharpermg@wsj.com,Female,226.59.221.69
810,Steve,Perez,sperezmh@virginia.edu,Male,212.94.33.223
811,Donna,Watson,dwatsonmi@edublogs.org,Female,99.167.144.68
812,Johnny,Bowman,jbowmanmj@imageshack.us,Male,44.242.223.12
813,Angela,Little,alittlemk@oracle.com,Female,80.88.160.136
814,Henry,Ramirez,hramirezml@163.com,Male,250.128.188.57
815,Frank,Ray,fraymm@princeton.edu,Male,4.136.236.186
816,Keith,Carr,kcarrmn@blogger.com,Male,173.24.255.50
817,Gerald,Austin,gaustinmo@goo.ne.jp,Male,189.167.205.229
818,Pamela,Weaver,pweavermp@scribd.com,Female,137.166.197.195
819,Martha,Reed,mreedmq@nationalgeographic.com,Female,177.23.138.80
820,Eugene,Walker,ewalkermr@springer.com,Male,3.91.185.200
821,Amanda,Hayes,ahayesms@themeforest.net,Female,158.169.149.240
822,Jessica,Torres,jtorresmt@apple.com,Female,203.77.101.122
823,Paula,Lawson,plawsonmu@furl.net,Female,216.80.20.164
824,Bobby,Taylor,btaylormv@devhub.com,Male,240.214.180.231
825,Scott,Cook,scookmw@edublogs.org,Male,56.20.247.104
826,Phyllis,Cooper,pcoopermx@ameblo.jp,Female,251.155.23.201
827,Mark,Morrison,mmorrisonmy@yahoo.co.jp,Male,49.234.247.180
828,Martin,Richards,mrichardsmz@photobucket.com,Male,185.240.101.235
829,Paula,Carter,pcartern0@ameblo.jp,Female,15.74.116.248
830,Timothy,Knight,tknightn1@canalblog.com,Male,14.98.221.246
831,Philip,Jacobs,pjacobsn2@elegantthemes.com,Male,242.142.109.22
832,Margaret,Harper,mharpern3@printfriendly.com,Female,251.92.174.86
833,Ronald,Hughes,rhughesn4@friendfeed.com,Male,236.174.94.9
834,Melissa,Carr,mcarrn5@biglobe.ne.jp,Female,185.233.194.201
835,Peter,Diaz,pdiazn6@plala.or.jp,Male,27.210.204.172
836,Martin,Franklin,mfranklinn7@elpais.com,Male,85.110.240.183
837,Linda,Rivera,lriveran8@mysql.com,Female,176.176.154.206
838,Louise,Anderson,landersonn9@ebay.com,Female,89.197.240.249
839,Todd,Reid,treidna@deliciousdays.com,Male,250.107.196.90
840,Kathleen,Davis,kdavisnb@ucoz.com,Female,169.159.251.6
841,Sarah,Larson,slarsonnc@sbwire.com,Female,101.92.248.58
842,Lois,Howell,lhowellnd@ebay.com,Female,222.81.239.85
843,Michelle,Mcdonald,mmcdonaldne@go.com,Female,161.247.172.35
844,Jose,Little,jlittlenf@last.fm,Male,234.82.24.229
845,Margaret,Hamilton,mhamiltonng@jigsy.com,Female,151.141.62.203
846,Denise,Reid,dreidnh@irs.gov,Female,2.179.146.238
847,Heather,Rogers,hrogersni@seattletimes.com,Female,33.108.163.139
848,Frances,White,fwhitenj@exblog.jp,Female,238.54.86.234
849,Lisa,Grant,lgrantnk@creativecommons.org,Female,169.60.203.124
850,Dennis,Greene,dgreenenl@bloglines.com,Male,59.249.194.162
851,Beverly,Washington,bwashingtonnm@google.nl,Female,219.190.35.192
852,Tammy,Dean,tdeannn@hp.com,Female,210.158.109.27
853,Ronald,Gomez,rgomezno@admin.ch,Male,191.225.186.76
854,Timothy,Hicks,thicksnp@reddit.com,Male,140.210.234.117
855,Kimberly,Willis,kwillisnq@engadget.com,Female,71.246.12.157
856,Pamela,Nichols,pnicholsnr@myspace.com,Female,225.225.220.56
857,Diane,Stone,dstonens@wordpress.com,Female,125.253.236.57
858,Donald,Garrett,dgarrettnt@sfgate.com,Male,170.118.212.81
859,Raymond,Chapman,rchapmannu@columbia.edu,Male,4.92.35.106
860,Janice,Bowman,jbowmannv@is.gd,Female,117.6.130.25
861,Joyce,Burton,jburtonnw@acquirethisname.com,Female,135.255.68.95
862,Eric,Harvey,eharveynx@illinois.edu,Male,134.199.144.52
863,Bruce,Matthews,bmatthewsny@vk.com,Male,77.62.172.75
864,Bruce,Parker,bparkernz@vk.com,Male,137.146.69.171
865,Alice,Sanders,asanderso0@time.com,Female,124.143.78.207
866,Christopher,Roberts,crobertso1@unblog.fr,Male,85.103.200.22
867,Nicole,Marshall,nmarshallo2@pbs.org,Female,107.23.120.5
868,Billy,Kim,bkimo3@ehow.com,Male,154.76.44.43
869,Virginia,Hunter,vhuntero4@narod.ru,Female,100.236.117.84
870,Eric,Perry,eperryo5@prlog.org,Male,240.132.31.42
871,Catherine,Sanchez,csanchezo6@phoca.cz,Female,25.246.107.8
872,Christopher,Kelly,ckellyo7@nih.gov,Male,233.51.223.98
873,Kelly,Payne,kpayneo8@google.com.hk,Female,224.144.250.202
874,Carolyn,Nichols,cnicholso9@netvibes.com,Female,154.202.34.198
875,Norma,Mason,nmasonoa@ocn.ne.jp,Female,218.11.169.255
876,Pamela,Barnes,pbarnesob@amazon.co.uk,Female,101.233.195.150
877,Sara,Welch,swelchoc@toplist.cz,Female,130.53.81.130
878,Sara,Willis,swillisod@mysql.com,Female,2.252.80.165
879,Craig,Alvarez,calvarezoe@biblegateway.com,Male,41.33.57.215
880,Bonnie,Little,blittleof@yellowbook.com,Female,212.22.64.154
881,Evelyn,Sanchez,esanchezog@microsoft.com,Female,59.57.251.214
882,Brian,Lewis,blewisoh@nifty.com,Male,172.131.170.37
883,Rose,Adams,radamsoi@geocities.jp,Female,102.38.61.154
884,Jennifer,Ellis,jellisoj@amazon.com,Female,177.205.96.187
885,Louise,Sanders,lsandersok@indiatimes.com,Female,103.131.164.120
886,Deborah,Henderson,dhendersonol@cam.ac.uk,Female,111.27.159.13
887,Lawrence,Lawson,llawsonom@samsung.com,Male,89.188.84.99
888,Jennifer,Oliver,joliveron@census.gov,Female,212.29.191.155
889,Louise,Kim,lkimoo@amazon.co.jp,Female,95.36.206.141
890,Douglas,Fields,dfieldsop@arizona.edu,Male,164.18.31.43
891,Linda,Dixon,ldixonoq@cdbaby.com,Female,179.23.39.152
892,Joyce,Harvey,jharveyor@baidu.com,Female,108.104.82.254
893,Lisa,Murray,lmurrayos@elegantthemes.com,Female,70.193.198.213
894,Lawrence,Little,llittleot@godaddy.com,Male,28.228.182.165
895,Clarence,Kelley,ckelleyou@ezinearticles.com,Male,56.190.60.65
896,Thomas,Diaz,tdiazov@constantcontact.com,Male,60.152.19.149
897,Carl,Campbell,ccampbellow@cbc.ca,Male,127.209.254.156
898,Henry,Watkins,hwatkinsox@dropbox.com,Male,152.87.108.206
899,Janice,Gardner,jgardneroy@diigo.com,Female,220.173.75.83
900,Angela,Morrison,amorrisonoz@toplist.cz,Female,150.123.12.11
901,Ruth,Reed,rreedp0@unesco.org,Female,56.151.62.2
902,Ernest,Reyes,ereyesp1@barnesandnoble.com,Male,198.40.217.27
903,Jack,Duncan,jduncanp2@nature.com,Male,227.130.73.255
904,Angela,Harper,aharperp3@google.com.br,Female,47.62.169.16
905,Jesse,Garrett,jgarrettp4@walmart.com,Male,235.14.227.179
906,Marie,Little,mlittlep5@devhub.com,Female,245.182.123.250
907,Anna,Green,agreenp6@mac.com,Female,163.150.187.15
908,Lois,Wheeler,lwheelerp7@mapquest.com,Female,122.201.188.95
909,Ruth,Dunn,rdunnp8@slideshare.net,Female,16.187.187.190
910,Howard,Cruz,hcruzp9@addtoany.com,Male,95.88.150.85
911,Roger,Williamson,rwilliamsonpa@hostgator.com,Male,77.105.76.107
912,Thomas,Martin,tmartinpb@ftc.gov,Male,42.116.19.255
913,Steven,Anderson,sandersonpc@cnet.com,Male,219.102.21.103
914,Paul,Sullivan,psullivanpd@phpbb.com,Male,147.113.179.179
915,Billy,Ramos,bramospe@github.com,Male,229.91.92.104
916,Sandra,Mason,smasonpf@123-reg.co.uk,Female,38.251.118.162
917,Ruth,Hawkins,rhawkinspg@angelfire.com,Female,43.75.188.99
918,Ryan,Gomez,rgomezph@google.de,Male,239.231.62.166
919,Christina,Carr,ccarrpi@gmpg.org,Female,215.130.74.34
920,Kathryn,Palmer,kpalmerpj@google.cn,Female,95.252.153.158
921,Lawrence,Mitchell,lmitchellpk@mac.com,Male,77.126.56.216
922,Lisa,Mccoy,lmccoypl@blogger.com,Female,221.79.61.244
923,Walter,Thompson,wthompsonpm@flickr.com,Male,91.123.253.15
924,Dennis,Hayes,dhayespn@google.es,Male,146.9.176.78
925,Wayne,Wright,wwrightpo@behance.net,Male,105.208.244.152
926,William,Mitchell,wmitchellpp@mediafire.com,Male,162.202.207.92
927,Eugene,Johnston,ejohnstonpq@pinterest.com,Male,233.13.116.124
928,Robin,Reed,rreedpr@hugedomains.com,Female,160.111.254.20
929,Stephen,Mitchell,smitchellps@blog.com,Male,215.220.58.0
930,Gloria,Edwards,gedwardspt@symantec.com,Female,70.95.171.243
931,Diana,Castillo,dcastillopu@craigslist.org,Female,70.142.162.189
932,Adam,Rose,arosepv@diigo.com,Male,159.165.27.185
933,Melissa,Murray,mmurraypw@cbc.ca,Female,77.100.238.52
934,Cheryl,Banks,cbankspx@apache.org,Female,5.78.71.99
935,Nicole,Owens,nowenspy@google.fr,Female,44.64.37.16
936,Arthur,Lee,aleepz@globo.com,Male,97.200.79.29
937,Martin,Martin,mmartinq0@parallels.com,Male,27.211.48.114
938,Howard,Lopez,hlopezq1@ted.com,Male,157.200.236.86
939,Nancy,Gilbert,ngilbertq2@goo.gl,Female,253.208.248.146
940,Randy,Simmons,rsimmonsq3@nytimes.com,Male,126.136.171.253
941,Eric,Montgomery,emontgomeryq4@usda.gov,Male,98.203.35.132
942,Russell,Andrews,randrewsq5@craigslist.org,Male,41.142.198.11
943,Karen,Morrison,kmorrisonq6@google.it,Female,183.223.186.7
944,Clarence,Thompson,cthompsonq7@webs.com,Male,92.245.234.201
945,Anthony,Phillips,aphillipsq8@artisteer.com,Male,123.45.44.109
946,Margaret,Castillo,mcastilloq9@ovh.net,Female,76.12.234.14
947,Jesse,Patterson,jpattersonqa@g.co,Male,123.95.39.83
948,Phyllis,Cox,pcoxqb@go.com,Female,38.72.65.222
949,Stephanie,Hall,shallqc@merriam-webster.com,Female,214.38.73.62
950,Theresa,Bishop,tbishopqd@google.cn,Female,246.88.222.144
951,Kathleen,Ellis,kellisqe@artisteer.com,Female,149.185.49.18
952,Diana,Garrett,dgarrettqf@hao123.com,Female,193.219.81.15
953,Teresa,Jordan,tjordanqg@ca.gov,Female,16.7.58.32
954,Karen,Powell,kpowellqh@aol.com,Female,106.27.10.175
955,Dorothy,Wood,dwoodqi@icio.us,Female,105.172.105.18
956,Edward,Mccoy,emccoyqj@blog.com,Male,82.34.196.116
957,Martha,Cunningham,mcunninghamqk@disqus.com,Female,174.140.96.208
958,Cynthia,Foster,cfosterql@slate.com,Female,159.209.16.42
959,Sarah,Diaz,sdiazqm@webmd.com,Female,49.54.58.138
960,Brian,Owens,bowensqn@xing.com,Male,193.110.31.149
961,Albert,Burke,aburkeqo@opensource.org,Male,193.83.141.102
962,Anne,Hudson,ahudsonqp@economist.com,Female,12.55.69.1
963,Margaret,Hall,mhallqq@earthlink.net,Female,32.167.12.60
964,Antonio,Mills,amillsqr@storify.com,Male,74.169.40.161
965,Alan,Henderson,ahendersonqs@is.gd,Male,130.86.19.168
966,Christopher,Black,cblackqt@friendfeed.com,Male,148.158.88.54
967,David,Bryant,dbryantqu@engadget.com,Male,64.255.146.87
968,Kathy,Carpenter,kcarpenterqv@ezinearticles.com,Female,158.223.29.122
969,Gregory,Gutierrez,ggutierrezqw@purevolume.com,Male,96.205.106.214
970,Melissa,Ortiz,mortizqx@nature.com,Female,178.228.149.161
971,Wayne,Stanley,wstanleyqy@globo.com,Male,54.179.96.143
972,Thomas,Ramos,tramosqz@va.gov,Male,214.164.71.90
973,Jeffrey,Wood,jwoodr0@squidoo.com,Male,205.157.38.246
974,Amanda,Smith,asmithr1@opera.com,Female,203.163.154.56
975,Ronald,Brooks,rbrooksr2@dot.gov,Male,84.74.138.51
976,Jennifer,Hill,jhillr3@homestead.com,Female,33.165.13.158
977,Stephen,Riley,srileyr4@accuweather.com,Male,255.116.31.24
978,Kathleen,Fields,kfieldsr5@4shared.com,Female,223.190.243.40
979,Joseph,Howard,jhowardr6@marketwatch.com,Male,194.184.39.23
980,Jacqueline,Russell,jrussellr7@tripadvisor.com,Female,209.243.20.12
981,Mary,Perez,mperezr8@creativecommons.org,Female,15.220.66.132
982,Jimmy,Shaw,jshawr9@histats.com,Male,36.213.170.108
983,Rachel,Fowler,rfowlerra@addtoany.com,Female,240.97.129.103
984,Irene,Washington,iwashingtonrb@forbes.com,Female,121.118.3.21
985,Ryan,Robinson,rrobinsonrc@hc360.com,Male,121.99.85.181
986,Melissa,Duncan,mduncanrd@examiner.com,Female,211.54.10.115
987,Margaret,White,mwhitere@scientificamerican.com,Female,211.3.5.157
988,Rose,Warren,rwarrenrf@nydailynews.com,Female,44.219.199.46
989,Donald,Bryant,dbryantrg@technorati.com,Male,160.184.30.109
990,Frank,Nelson,fnelsonrh@ycombinator.com,Male,129.152.243.14
991,David,Jones,djonesri@reference.com,Male,143.29.229.12
992,Kenneth,Arnold,karnoldrj@trellian.com,Male,208.116.202.182
993,Shawn,Ortiz,sortizrk@canalblog.com,Male,86.232.181.68
994,Rose,Nichols,rnicholsrl@myspace.com,Female,133.206.12.195
995,Virginia,Hunt,vhuntrm@un.org,Female,76.124.145.250
996,Carolyn,Warren,cwarrenrn@fc2.com,Female,30.163.94.251
997,Rebecca,Garza,rgarzaro@qq.com,Female,148.161.205.54
998,Eugene,Spencer,espencerrp@sciencedirect.com,Male,108.147.51.31
999,Katherine,Gonzales,kgonzalesrq@senate.gov,Female,236.147.89.138
1000,Bruce,Williams,bwilliamsrr@deviantart.com,Male,54.221.34.37
